<?xml version="1.0" encoding="UTF-8"?>
<ruleset xmlns="http://pmd.sourceforge.net/ruleset/2.0.0"
	xmlns:xsi="http://www.w3.org/2001/XMLSchema-instance"
	name="Default ruleset used by the CodeClimate Engine for Salesforce.com Apex"
	xsi:schemaLocation="http://pmd.sourceforge.net/ruleset/2.0.0 https://pmd.sourceforge.io/ruleset_2_0_0.xsd">
	<description> Default ruleset used by the Code Climate Engine for
		Salesforce.com Apex Note: This ruleset is deprecated. Use
		"rulesets/apex/quickstart.xml" instead.
	</description>

	<!-- NEW CUSTOMS FROM :::
	https://docs.pmd-code.org/pmd-doc-6.55.0/pmd_rules_java_bestpractices.html -->
	<rule ref="category/java/bestpractices.xml/CheckResultSet" />
	<rule ref="category/java/bestpractices.xml/PrimitiveWrapperInstantiation" />

	<rule ref="category/java/bestpractices.xml/AvoidPrintStackTrace" />
	<rule ref="category/java/bestpractices.xml/AvoidStringBufferField" />
	<rule ref="category/java/bestpractices.xml/DefaultLabelNotLastInSwitchStmt" />
	<rule ref="category/java/bestpractices.xml/ForLoopCanBeForeach" />
	<rule ref="category/java/bestpractices.xml/LiteralsFirstInComparisons" />
	<!-- <rule ref="category/java/bestpractices.xml/LooseCoupling" /> neeeds :
	arrayList->list , hashmap->map -->
	<rule ref="category/java/bestpractices.xml/SwitchStmtsShouldHaveDefault" />
	<rule ref="category/java/bestpractices.xml/SystemPrintln" />
	<rule ref="category/java/bestpractices.xml/UnusedAssignment">
		<properties>
			<property name="checkUnusedPrefixIncrement" value="false" />
			<property name="reportUnusedVariables" value="false" />
		</properties>
	</rule>
	<rule ref="category/java/bestpractices.xml/UnusedFormalParameter">
		<properties>
			<property name="checkAll" value="true" />
		</properties>
	</rule>
	<rule ref="category/java/bestpractices.xml/UnusedLocalVariable" />
	<rule ref="category/java/bestpractices.xml/UnusedPrivateField" />
	<rule ref="category/java/bestpractices.xml/UnusedPrivateMethod">
		<properties>
			<property name="ignoredAnnotations" value="java.lang.Deprecated" />
		</properties>
	</rule>
	<rule ref="category/java/bestpractices.xml/UseCollectionIsEmpty" />
	<rule ref="category/java/bestpractices.xml/UseStandardCharsets" />
	<rule ref="category/java/bestpractices.xml/UseVarargs" />

	<!-- NEW CUSTOMS FROM :::
	https://docs.pmd-code.org/pmd-doc-6.55.0/pmd_rules_java_codestyle.html -->
	<rule ref="category/java/codestyle.xml/ExtendsObject" />
	<rule ref="category/java/codestyle.xml/ForLoopShouldBeWhileLoop" />
	<rule ref="category/java/codestyle.xml/TooManyStaticImports" />
	<rule ref="category/java/codestyle.xml/UnnecessaryReturn" />
	<rule ref="category/java/codestyle.xml/UselessQualifiedThis" />

	<rule ref="category/java/codestyle.xml/ClassNamingConventions" />
	<rule ref="category/java/codestyle.xml/ConfusingTernary">
		<properties>
			<property name="ignoreElseIf" value="true" />
		</properties>
	</rule>
	<rule ref="category/java/codestyle.xml/ControlStatementBraces">
		<properties>
			<property name="checkIfElseStmt" value="true" />
			<property name="checkSingleIfStmt" value="true" />
			<property name="checkWhileStmt" value="true" />
			<property name="checkForStmt" value="true" />
			<property name="checkDoWhileStmt" value="true" />
			<property name="checkCaseStmt" value="false" />
			<property name="allowEmptyLoop" value="false" />
		</properties>
	</rule>
	<rule ref="category/java/codestyle.xml/EmptyControlStatement" />
	<rule
		ref="category/java/codestyle.xml/FieldDeclarationsShouldBeAtStartOfClass" />
	<rule ref="category/java/codestyle.xml/FieldNamingConventions">
		<properties>
			<property name="publicConstantPattern" value="[A-Z][A-Z_0-9]*" />
			<property name="constantPattern" value="[A-Z][A-Z_0-9]*" />
			<property name="enumConstantPattern" value="[A-Z][A-Z_0-9]*" />
			<property name="finalFieldPattern" value="[a-z][a-zA-Z0-9]*" />
			<property name="staticFieldPattern" value="[a-z][a-zA-Z0-9]*" />
			<property name="defaultFieldPattern" value="[a-z][a-zA-Z0-9]*" />
			<property name="exclusions"
				value="serialVersionUID|serialPersistentFields" />
		</properties>
	</rule>
	<rule ref="category/java/codestyle.xml/FormalParameterNamingConventions" />
	<rule ref="category/java/codestyle.xml/IdenticalCatchBranches" />
	<rule ref="category/java/codestyle.xml/LocalVariableNamingConventions" />
	<rule ref="category/java/codestyle.xml/MethodNamingConventions" />
	<rule ref="category/java/codestyle.xml/PackageCase" />
	<rule ref="category/java/codestyle.xml/UnnecessaryCast" />
	<rule ref="category/java/codestyle.xml/UnnecessaryFullyQualifiedName" />
	<rule ref="category/java/codestyle.xml/UnnecessaryImport" />
	<rule ref="category/java/codestyle.xml/UnnecessaryModifier" />
	<rule ref="category/java/codestyle.xml/UnnecessarySemicolon" />
	<rule ref="category/java/codestyle.xml/UselessParentheses" />
	<rule ref="category/java/codestyle.xml/UseShortArrayInitializer" />

	<!-- NEW CUSTOMS FROM :::
	https://docs.pmd-code.org/pmd-doc-6.55.0/pmd_rules_java_design.html -->
	<rule ref="category/java/design.xml/CollapsibleIfStatements" />
	<rule ref="category/java/design.xml/SimplifiedTernary" />
	<rule ref="category/java/design.xml/UselessOverridingMethod" />

	<rule ref="category/java/design.xml/LogicInversion" />
	<rule ref="category/java/design.xml/SimplifyBooleanExpressions" />

	<!-- NEW CUSTOMS FROM :::
	https://docs.pmd-code.org/pmd-doc-6.55.0/pmd_rules_java_documentation.html -->
	<!-- <rule ref="category/java/documentation.xml/CommentRequired" /> -->

	<!-- NEW CUSTOMS FROM :::
	https://docs.pmd-code.org/pmd-doc-6.55.0/pmd_rules_java_errorprone.html -->
	<rule ref="category/java/errorprone.xml/AvoidBranchingStatementAsLastInLoop" />
	<rule
		ref="category/java/errorprone.xml/AvoidDecimalLiteralsInBigDecimalConstructor" />
	<rule ref="category/java/errorprone.xml/AvoidMultipleUnaryOperators" />
	<rule ref="category/java/errorprone.xml/AvoidUsingOctalValues" />
	<rule ref="category/java/errorprone.xml/BrokenNullCheck" />
	<rule ref="category/java/errorprone.xml/CheckSkipResult" />
	<rule ref="category/java/errorprone.xml/ClassCastExceptionWithToArray" />
	<rule ref="category/java/errorprone.xml/DontUseFloatTypeForLoopIndices" />
	<rule ref="category/java/errorprone.xml/EmptyCatchBlock" />
	<rule ref="category/java/errorprone.xml/JumbledIncrementer" />
	<rule ref="category/java/errorprone.xml/MisplacedNullCheck" />
	<rule ref="category/java/errorprone.xml/OverrideBothEqualsAndHashcode" />
	<rule ref="category/java/errorprone.xml/ReturnFromFinallyBlock" />
	<rule ref="category/java/errorprone.xml/UnconditionalIfStatement" />
	<rule ref="category/java/errorprone.xml/UnnecessaryConversionTemporary" />
	<rule ref="category/java/errorprone.xml/UnusedNullCheckInEquals" />
	<rule ref="category/java/errorprone.xml/UselessOperationOnImmutable" />

	<!-- <rule ref="category/java/errorprone.xml/AvoidLiteralsInIfCondition" /> -->
	<rule ref="category/java/errorprone.xml/CloseResource" />
	<rule ref="category/java/errorprone.xml/NullAssignment" />
	<rule ref="category/java/errorprone.xml/UseEqualsToCompareStrings" />


	<!-- NEW CUSTOMS FROM :::
	https://docs.pmd-code.org/pmd-doc-6.55.0/pmd_rules_java_performance.html -->
	<rule ref="category/java/performance.xml/AddEmptyString" />
	<rule ref="category/java/performance.xml/AppendCharacterWithChar" />
	<rule ref="category/java/performance.xml/AvoidCalendarDateCreation" />
	<rule ref="category/java/performance.xml/AvoidFileStream" />
	<!-- <rule ref="category/java/performance.xml/AvoidInstantiatingObjectsInLoops" /> -->
	<rule ref="category/java/performance.xml/ConsecutiveAppendsShouldReuse" />
	<rule ref="category/java/performance.xml/OptimizableToArrayCall" />
	<rule ref="category/java/performance.xml/RedundantFieldInitializer" /> <!--
	check this -->
	<rule ref="category/java/performance.xml/TooFewBranchesForASwitchStatement" /> <!--
	minimum 3 conditons req in a switch statement -->
	<rule ref="category/java/performance.xml/UseArraysAsList" />
	<rule ref="category/java/performance.xml/UseIndexOfChar" />
	<rule ref="category/java/performance.xml/UselessStringValueOf" />
	<!-- <rule
	ref="category/java/performance.xml/UseStringBufferForStringAppends" /> -->
</ruleset>